model,mae,rmse,mape,r2
y_pred_7,0.013849341485123172,0.03523489192348777,29292718661668.15,0.11743080174818132
y_pred_30,0.012889316568657322,0.0347157330177911,26569203913743.332,0.14324714853295462
y_pred_60,0.014364712941847664,0.03547628497114796,28944154735944.69,0.10529647451990543
y_pred_120,0.015583110050145375,0.03610290796765993,29054198238620.83,0.07341077086456882
naive_forecast,16.792958004768018,96.14170191756968,0.011842190554058201,0.9998855900497822
