mape,rmse,mae,r2,model
82518230439647.23,0.11659601720532564,0.026015035569391855,-0.7810020756251446,y_pred_1
