model,mae,rmse,mape,r2
y_pred_3,0.2037194083057759,0.27959998253374313,23776459642443.508,0.05798543931114253
y_pred_12,0.19229399168138359,0.2705811496264304,23865775180290.723,0.11777692836783449
y_pred_24,0.19073430152970505,0.26797694606042577,25327491253050.996,0.1346770886592451
naive_forecast,21.673806419569132,69.24291785132053,0.22561888520417772,0.993363085721326
