model,mae,rmse,mape,r2
y_pred_3,0.20430679588884423,0.2893492975304204,2257885041493.834,-0.008853721810094806
y_pred_12,0.2026033792099187,0.2880499060955282,530580696154.5262,0.00018692527203578724
y_pred_24,0.20261002513541734,0.28807554851304096,428754700818.34875,8.909137369172981e-06
naive_forecast,271.4224059581173,890.9576766419867,4.69262666704837e+16,-9609371.065213319
