model,mae,rmse,mape,r2
y_pred_3,0.24411486231476265,0.3292718720626207,33969609249856.54,-0.30644942331316516
y_pred_12,0.17501661449666636,0.24980362033781203,20888440802298.098,0.24806414813068356
y_pred_24,0.17491303684374343,0.24948203409450606,20927134186141.527,0.2499989205430847
naive_forecast,21.673806419569132,69.24291785132053,0.22561888520417772,0.993363085721326
