mape,rmse,mae,r2,model
103929222170088.38,0.21483446221182986,0.03076923076923077,-5.046511627906977,y_pred_1
